"RAE","Ministere (Client)","NOM DU SITE","Label","ADRESSE","CODE POSTAL","VILLE"
30000110420652,"JUSTICE","JUSTICE 1 JUDIC - TGI LILLE","Tribunal","AVENUE DU PEUPLE BELGE 59800 LILLE",59800,"LILLE"
30000110592536,"Ministďż˝res ďż˝conomiques et financiers","TRESORERIE GENERALE DU NORD","Administration","82 AVENUE PDT J FITZGERALD KENNEDY",59800,"LILLE"
30000110668464,"Ministďż˝res ďż˝conomiques et financiers","CITE ADMINISTRATIVE","Administration","RUE GUSTAVE DELORY",59800,"LILLE"
30000110701346,"INTERIEUR","ECOLE DE POLICE","Ecole","117 RUE JOSEPH DUBAR",59100,"ROUBAIX"
30000111683880,"INTERIEUR","SGAP","Administration","130 RUE DE RIVOLI",59800,"LILLE"
30000111738902,"Ministďż˝res ďż˝conomiques et financiers","DNRFP - ECOLE NAT.DES DOUANES","Ecole","11 AVENUE JEAN MILLET",59200,"TOURCOING"
30000111964901,"INTERIEUR","PREFECTURE DU NORD","Service","RUE DE L HOPITAL MILITAIRE",59800,"LILLE"
30000112078767,"INTERIEUR","HOTEL DE POLICE","Commissariat","19 RUE DE MARQUILLIES",59000,"LILLE"
30000130159210,"JUSTICE","JUSTICE 2 JUDIC - TGI DOUAI","Tribunal","PLACE CHARLES DE POLLINCHOVE 59500 DOUAI",59500,"DOUAI"
30000160137206,"JUSTICE","MAISON D'ARRET","Prison","85 AVENUE DE LA DEFENSE PASSIVE 80080 AMIENS",80080,"AMIENS"
30000210328076,"JUSTICE","JUSTICE- ROUEN- MAISON D'ARRET (03280)","Prison","1 RUE DE LA MOTTE 76100 ROUEN",76100,"ROUEN"
30000210328290,"INTERIEUR","HOTEL DE POLICE","Commissariat","RUE BRISOUT DE BARNEVILLE",76100,"ROUEN"
30000210353604,"Ministďż˝res ďż˝conomiques et financiers","MEFI - DGI - DSF - CITE ADMINISTRATIVE ROUEN","Administration","CITE ADMINISTRATIVE",76100,"ROUEN"
30000210691321,"EDUCATION","RECTORAT DE ROUEN","Ecole","25 RUE DE FONTENELLE",76000,"ROUEN"
30000210767697,"INTERIEUR","PREFECTURE","Service","RUE DU CONTRAT SOCIAL",76000,"ROUEN"
30000210927010,"INTERIEUR","ECOLE NATIONALE DE POLICE","Ecole","QUARTIER FAIDHERBE",76350,"OISSEL"
30000220299483,"JUSTICE","JUSTICE- VAL DE REUIL- MAISON D'ARRET (02994)","Prison","LES VIGNETTES 27100 VAL DE REUIL",27100,"VAL DE REUIL"
30000240236190,"JUSTICE","M JUSTICE  EX MAISON D ARRET CAEN","Prison","10 RUE GENERAL DUPARGE 14000 CAEN",14000,"CAEN"
30000240713749,"JUSTICE","COUR D'APPEL DE CAEN","Tribunal","PLACE GAMBETTA 14000 CAEN",14000,"CAEN"
30000240852236,"JUSTICE","LE CENTRE DE DETENTION","Prison","39 RUE GENERAL MOULIN 14000 CAEN",14000,"CAEN"
30000241043274,"JUSTICE","CENTRE PENITENTIAIRE DE CAEN","Prison","35 RUE GENERAL MOULIN 14000 CAEN",14000,"CAEN"
30000430018188,"Ministďż˝res ďż˝conomiques et financiers","DISI PARIS CHAMPAGE - REIMS","Administration","24 BOULEVARD PASTEUR",51100,"REIMS"
30000450232843,"JUSTICE","MAISON CENTRALE CLAIRVAUX","Prison","DE CLAIRVAUX 10310 VILLE SOUS LA FERTE",10310,"VILLE SOUS LA FERTE"
30000454023641,"INTERIEUR","MINISTERE DE L INTERIEUR","Ministere","18 RUE DES GAYETTES",10000,"TROYES"
30000510086448,"JUSTICE","CENTRE DE DETENTION  TOUL","Prison","804 RUE DU MARECHAL LYAUTEY 54200 TOUL",54200,"TOUL"
30000510086550,"JUSTICE","CENTRE DE DETENTION TOUL","Prison","804 RUE DU MARECHAL LYAUTEY 54200 TOUL",54200,"TOUL"
30000510282202,"JUSTICE","CENTRE DE DETENTION  ECROUVES","Prison","323 ROUTE DE PAGNEY CENTRE PENIT 54200 ECROUVES",54200,"ECROUVES"
30000510303037,"Ministďż˝res ďż˝conomiques et financiers","DSF TRESORERIE M M  NANCY","Administration","50 RUE DES PONTS",54036,"NANCY"
30000510485800,"JUSTICE","CITE JUDICIAIRE","Tribunal","AVENUE DU MARECHAL JUIN 54000 NANCY",54000,"NANCY"
30000520300564,"INTERIEUR","ECOLE DE GENDARMERIE","Ecole","1 AVENUE 109E REGIMENT D INFANTERIE",52000,"CHAUMONT"
30000520361966,"JUSTICE","CENTRE DE DETENTION MONTMEDY","Prison","48324 RUE DU COMMANDANT MENARD CONTRAT 48324 55600 MONTMEDY",55600,"MONTMEDY"
30000540177920,"JUSTICE","MAISON D'ARRET D'EPINAL","Prison","SIGNE 09/06/99 13 RUE VILLARS 01/01/99 88000 EPINAL",88000,"EPINAL"
30000550073553,"JUSTICE","CENTRE DE DETENTION  OERMINGEN","Prison",". 67970 OERMINGEN",67970,"OERMINGEN"
30000630111148,"JUSTICE","MAISON CENTRALE D ENSISHEIM","Prison","49 RUE DE LA 1ERE ARMEE 68190 ENSISHEIM",68190,"ENSISHEIM"
30000634095736,"INTERIEUR","HOTEL DE POLICE","Commissariat","43 RUE DE LA MERTZAU",68100,"MULHOUSE"
30000710011902,"Ministďż˝res ďż˝conomiques et financiers","PAIERIE GENERALE DU TRESOR","Administration","16 RUE NOTRE DAME DES VICTOIRES",75002,"PARIS 02"
30000710044738,"JUSTICE","MINISTERE DE LA JUSTICE","Ministere","34 RUE CAMBON 75001 PARIS",75001,"PARIS"
30000711020909,"JUSTICE","MINISTERE DE LA JUSTICE","Ministere","8 RUE DU RENARD 75004 PARIS",75004,"PARIS"
30000711148687,"Ministďż˝res ďż˝conomiques et financiers","RECETTE GENERALE DES FINANCES","Administration","96 RUE REAUMUR",75002,"PARIS 02"
30000711596648,"Ministďż˝res ďż˝conomiques et financiers","DSF PARIS NORD","Administration","5 RUE DE LONDRES",75009,"PARIS 09"
30000720645041,"Ministďż˝res ďż˝conomiques et financiers","MEFI - DGI - DSIP (072-06450)","Administration","RUE REYNALDO HAHN",75020,"PARIS 20"
30000720733464,"EDUCATION","ACADEMIE DE PARIS","Ecole","94 AVENUE GAMBETTA",75020,"PARIS 20"
30000720931805,"INTERIEUR","PREFECTURE DE POLICE","Service","3 A RUE ERIK SATIE",75019,"PARIS 19"
30000730095486,"INTERIEUR","PREFECTURE DE POLICE SCES TECH","Service","4 RUE JULES BRETON",75013,"PARIS 13"
30000730148145,"EDUCATION","MIN EDU NTLE RECHERCHE ET TECHNOLOGIE","Ministere","21 RUE DESCARTES",75005,"PARIS 05"
30000730176150,"EDUCATION","EDUCATION NLE DIV SCES MATERIE","Ecole","110 RUE DE GRENELLE",75007,"PARIS 07"
30000730177051,"EDUCATION","EDUCATION NLE DIV SCES MATERIE","Ecole","107 RUE DE GRENELLE",75007,"PARIS 07"
30000730184913,"INTERIEUR","MINISTERE DES OUTRE MER","Ministere","27 RUE OUDINOT",75007,"PARIS 07"
30000730520308,"Ministďż˝res ďż˝conomiques et financiers","MINISTERE DE L ECONOMIE ET DES FINANCES","Ministere","59 BOULEVARD VINCENT AURIOL",75013,"PARIS 13"
30000730676754,"JUSTICE","PALAIS DE JUSTICE DE PARIS","Tribunal","2 BOULEVARD DU PALAIS 75001 PARIS",75001,"PARIS"
30000730758320,"INTERIEUR","PREFECTURE DE POLICE","Service","3 QUAI DE L HORLOGE",75001,"PARIS 01"
30000731156801,"EDUCATION","EDUCATION NATIONALE","Ministere","99 RUE DE GRENELLE",75007,"PARIS 07"
30000731578110,"EDUCATION","EDUCATION NATIONALE","Ministere","78 RUE REGNAULT",75013,"PARIS 13"
30000740164799,"EDUCATION","EDUCATION NATIONALE","Ministere","10 RUE DU DOCTEUR BLANCHE",75016,"PARIS 16"
30000740492728,"EDUCATION","MINISTERE EDUCATION NATIONALE","Ministere","61 RUE DUTOT",75015,"PARIS 15"
30000741467105,"INTERIEUR","PREFECTURE DE PARIS ET IDF","Service","5 RUE LEBLANC",75511,"PARIS 15"
30000741696020,"INTERIEUR","PREFECTURE DE PARIS","Service","5 RUE LEBLANC",75511,"PARIS 15"
30000750266286,"INTERIEUR","PREF POLICE DION SCES TECHNIQU","Service","AVENUE DE LA PORTE DE LA VILLETTE",75019,"PARIS 19"
30000750272472,"INTERIEUR","MINISTERE DE L INTERIEUR - BEAUVAU","Ministere","9 RUE CAMBACERES",75008,"PARIS 08"
30000751239402,"JUSTICE","TRIBUNAL DE POLICE","Tribunal","11 RUE DE CAMBRAI IMMEUBLE BRABANT 75019 PARIS",75019,"PARIS"
30000754327740,"Ministďż˝res ďż˝conomiques et financiers","DIRECTION SCS FISCAUX PAR EST","Administration","17 PLACE DE L ARGONNE",75019,"PARIS 19"
30000754707760,"INTERIEUR","MINISTERE DE L INTERIEUR  - BEAUVAU","Ministere","11 RUE DE PENTHIEVRE",75008,"PARIS 08"
30000940231108,"INTERIEUR","UIISC1 ďż˝ QUARTIER DE SULLY","Caserne","29 RUE DE SULLY BP 50179",28400,"NOGENT LE ROTROU"
30000940594772,"INTERIEUR","PREFECTURE D'EURE ET LOIR","Service","PLACE DE LA REPUBLIQUE",28000,"CHARTRES"
30000950042884,"Ministďż˝res ďż˝conomiques et financiers","CITE ADMINISTRATIVE COLIGNY","Administration","131 FAUBOURG BANNIER",45000,"ORLEANS"
30000970863242,"Ministďż˝res ďż˝conomiques et financiers","D.I.T.G.","Administration","8 AVENUE JEAN PORTALIS",37200,"TOURS"
30001210281725,"Ministďż˝res ďż˝conomiques et financiers","CITE ADMINISTRATIVE","Administration","24 BOULEVARD HENRI DUNANT",71000,"MACON"
30001420254977,"INTERIEUR","SOUS-DIRECTION DE L'ACCES A LA NATIONALITE FRANCAISE","Administration","93 BIS RUE DE LA COMMUNE DE 1871","44ďż˝400","REZE"
30001420579300,"Ministďż˝res ďż˝conomiques et financiers","MAN","Administration","RUE RENE VIVIANI",44200,"NANTES"
30001420614757,"JUSTICE","CASIER JUDICIAIRE NATIONAL","Service","107 RUE DU LANDREAU 44300 NANTES",44300,"NANTES"
30001420762021,"Ministďż˝res ďż˝conomiques et financiers","I N S E E","Administration","105 RUE DES FRANCAIS LIBRES",44200,"NANTES"
30001420776403,"JUSTICE","M. JUSTICE - CENTRE PENITENTIAIRE","Prison","68 BOULEVARD ALBERT EINSTEIN 44300 NANTES",44300,"NANTES"
30001421039552,"Ministďż˝res ďż˝conomiques et financiers","MEFI - DPMA","Ministere","10 BOULEVARD GASTON DOUMERGUE",44200,"NANTES"
30001421419024,"JUSTICE","M. JUSTICE - PALAIS DE JUSTICE (NANTES)","Tribunal","QUAI FRANCOIS MITTERRAND 44200 NANTES",44200,"NANTES"
30001421814905,"Ministďż˝res ďż˝conomiques et financiers","DSF DE LA LOIRE ATLANTIQUE","Administration","2 RUE GENERAL MARGUERITTE",44000,"NANTES"
30001422346577,"INTERIEUR","HOTEL DE POLICE","Commissariat","PLACE WALDECK ROUSSEAU",44000,"NANTES"
30001440198298,"Ministďż˝res ďż˝conomiques et financiers","TRESORERIE GENERALE D I.ET V.","Administration","37 PLACE DU COLOMBIER",35000,"RENNES"
30001440240282,"Ministďż˝res ďż˝conomiques et financiers","DIRECTION SERVICES FISCAUX (R ENNES)","Administration","2 BOULEVARD MAGENTA",35000,"RENNES"
30001440267045,"JUSTICE","CENTRE PENITENTIAIRE DES FEMMES DE  RENNES","Prison","18 B RUE DE CHATILLON 35000 RENNES",35000,"RENNES"
30001441414542,"Ministďż˝res ďż˝conomiques et financiers","DIRECTION SERVICES INFORMATIQUES OUEST","IT","14 RUE JEAN LOUIS BERTRAND",35000,"RENNES"
30001444910479,"INTERIEUR","CENTRE NATIONAL DE TRAITEMENT - ANTAI RENNES","IT","2 ALLEE ERMENGARDE D'ANJOU - ZAC ATALANTE CHAMPEAUX",35000,"RENNES"
30001444931500,"INTERIEUR","S.G.A.P","Administration","28 RUE DE LA PILATE",35136,"ST JACQUES DE LA LANDE"
30001460025099,"JUSTICE","M JUSTICE  MAISON D ARRET","Prison","171 RUE DU GENERAL PAULET 29200 BREST",29200,"BREST"
30001470385080,"INTERIEUR","ECOLE DE GENDARMERIE","Ecole","TY VOUGERET",29150,"DINEAULT"
30001520465808,"JUSTICE","MIN JUS - DAP –BX -MC ST MARTIN DE RE","Administration","LA CITADELLE 17410 ST MARTIN DE RE",17410,"ST MARTIN DE RE"
30001520492148,"Ministďż˝res ďż˝conomiques et financiers","DIRECTION GENERALE DES DOUANES","Administration","1730 1 RUE DU JURA",17000,"LA ROCHELLE"
30001521068690,"INTERIEUR","ECOLE DE GENDARMERIE","Ecole","ROND POINT ALBERT BIGNON",17300,"ROCHEFORT"
30001540044862,"Ministďż˝res ďż˝conomiques et financiers","SCES FISC VIENNE/CENT REG INFO","Administration","14 RUE SALVADOR ALLENDE",86000,"POITIERS"
30001550350438,"INTERIEUR","MINISTERE DE L'INTERIEUR","Ministere","41 RUE BARTHELEMY THIMONNIER",87280,"LIMOGES"
30001550414113,"INTERIEUR","SCE DE DIFFUSION GENDARMERIE","Service","RUE PAUL CLAUDEL",87000,"LIMOGES"
30001550451231,"INTERIEUR","POLICE NATIONALE - ECLPN - CONTRAT CRAEM","Administration","ZI BUXEROLLES",87000,"LIMOGES"
30001610238012,"EDUCATION","ENSUP - RECTORAT DE L ACADEMIE DE BX","Ecole","5 RUE JOSEPH DE CARAYON LATOUR",33000,"BORDEAUX"
30001610292018,"Ministďż˝res ďż˝conomiques et financiers","TRESORERIE GENERALE","Administration","RUE MARGUERITE CRAUSTE",33000,"BORDEAUX"
30001610319785,"JUSTICE","MIN JUS - DAP -BX -  CP BORDEAUX GRADIGNAN","Administration","- BAT A 36 RUE DU BOURDILLAT BP 109 33170 GRADIGNAN",33170,"GRADIGNAN"
30001611321283,"JUSTICE","MIN JUS - T.G.I. DE BORDEAUX","Tribunal","30 RUE DES FRERES BONIE 33000 BORDEAUX",33000,"BORDEAUX"
30001611433329,"INTERIEUR","INTERIEUR COMPAGNIE DE CRS Nďż˝14","Caserne","PETIT CHEMIN DE CAMPARIAN",33150,"CENON"
30001611990181,"INTERIEUR","INTERIEUR SGAP BX","Administration","RUE FRANCOIS DE SOURDIS",33000,"BORDEAUX"
30001612459410,"EDUCATION","RECTORAT BORDEAUX MERIADECK","Ecole","114 RUE GEORGES BONNAC",33000,"BORDEAUX"
30001620188613,"JUSTICE","MIN JUS - DAP -BX -  CD MAUZAC","Administration","NOUVEL ETABLISSEMENT 24150 MAUZAC ET GRAND CASTANG",24150,"MAUZAC ET GRAND CASTANG"
30001620400045,"Ministďż˝res ďż˝conomiques et financiers","DIRECTION DES SERVICES FISCAUX","Administration","CITE ADMINISTRATIVE",24000,"PERIGUEUX"
30001620580791,"INTERIEUR","ECOLE GENDARMERIE C N E F G  SAINT ASTIER","Ecole","Route Gravelle",24110,"ST ASTIER"
30001630205962,"JUSTICE","MIN JUS - DAP -BX – CD EYSSES","Administration","1 RUE PIERRE DOIZE BP 315 47300 VILLENEUVE SUR LOT",47300,"VILLENEUVE SUR LOT"
30001710202378,"Ministďż˝res ďż˝conomiques et financiers","CENTRE SERVICES INFORMATIQUES","IT","10 RUE CLAUDE GUICHARD",63000,"CLERMONT FERRAND"
30001710280321,"Ministďż˝res ďż˝conomiques et financiers","HOTEL DES IMPOTS","Administration","65 BOULEVARD BERTHELOT",63400,"CHAMALIERES"
30001710344444,"JUSTICE","CD DE RIOM","Administration","17 RUE SOUBRANY 63200 RIOM",63200,"RIOM"
30001710489874,"JUSTICE","TRIBUNAL DE GRANDE INSTANCE","Tribunal","16 PLACE DE L ETOILE 63000 CLERMONT FERRAND",63000,"CLERMONT FERRAND"
30001720084136,"INTERIEUR","ECOLE DE GENDARMERIE","Ecole","AVENUE JULES GUESDE",3100,"MONTLUCON"
30001750381272,"INTERIEUR","DEFENSE CASERNE LA BACHELLERIE","Caserne","LA BACHELLERIE SUD",19000,"TULLE"
30001750586784,"Ministďż˝res ďż˝conomiques et financiers","CITE ADMINISTRATIVE","Administration","11 PLACE MARTIAL BRIGOULEIX",19011,"TULLE"
30001760132997,"INTERIEUR","ETABLISSEMENT CENTRAL ADMINISTRATIF ET DU SOUTIEN DE LA GENDARMERIE NATIONALE 6 LA GUIGNIERE","Administration","RUE DE LA GUIGNIERE",36300,"LE BLANC"
30001760158747,"JUSTICE","MAISON CENTRALE- ST MAUR","Prison","BEL AIR 36250 ST MAUR",36250,"ST MAUR"
30001910174033,"Ministďż˝res ďż˝conomiques et financiers","MEFI DGI DSF RHONE HOTEL DES FINANCES","Administration","2 RUE DE LA CHARITE",69002,"LYON 02"
30001910275386,"Ministďż˝res ďż˝conomiques et financiers","DIRECTION DES SERVICES INFORMA","IT","5 PETITE RUE DE MONPLAISIR",69008,"LYON"
30001910545277,"Ministďż˝res ďż˝conomiques et financiers","CITE ADMNISTRATIVE ETAT","Administration","165 RUE GARIBALDI",69003,"LYON 03"
30001910691514,"INTERIEUR","CANTONNEMENT DE CRS","Caserne","CHEMIN DES PARTICELLES",69680,"CHASSIEU"
30001911075159,"INTERIEUR","HOTEL DE POLICE","Commissariat","40 RUE MARIUS BERLIET",69008,"LYON 08"
30001911449422,"JUSTICE","PALAIS DE JUSTICE DE LYON","Tribunal","67 RUE SERVIENT",69003,"LYON"
30001911536720,"INTERIEUR","POLICE TECHNIQUE SCIENTIFIQUE","Service","31 AVENUE FRANKLIN ROOSEVELT",69134,"ECULLY"
30001912039823,"Ministďż˝res ďż˝conomiques et financiers","DEPT INFORMATIQUE TRESO GALE","IT","53 BOULEVARD MARIUS VIVIER MERLE",69003,"LYON"
30001912412550,"Ministďż˝res ďż˝conomiques et financiers","SCL SERVICE COMMUN DES LABORATOIRES MINEFI","Service","10 AVENUE DES SAULES",69600,"OULLINS"
30001912923956,"Ministďż˝res ďż˝conomiques et financiers","ETAB DE SERVICES INFORMATIQUES","IT","1 AVENUE DOCTEUR SCHWEITZER",69330,"MEYZIEU"
30001912939253,"INTERIEUR","HOTEL DE POLICE FORT DE MONTLUC","Commissariat","5 RUE DU GENERAL MOUTON DUVERNET",69003,"LYON 03"
30001913033333,"INTERIEUR","COMMISSARIAT LYON 3EME","Commissariat","11 RUE ST JACQUES",69003,"LYON 03"
30001930387556,"JUSTICE","PRISON-M.A. DE GRENOBLE","Prison",". 38760 VARCES ALLIERES ET RISSET",38760,"VARCES ALLIERES ET RISSET"
30001950411897,"JUSTICE","JUSTICE-PALAIS DE JUSTICE D'ANNECY","Tribunal","51 RUE SOMMEILLER 74000 ANNECY",74000,"ANNECY"
30001950998766,"INTERIEUR","CIE GENDARMERIE CHAMONIX SUD","Commissariat","111 RUE DE LA MOLLARD",74400,"CHAMONIX MONT BLANC"
30001980476923,"JUSTICE","MAISON D'ARRET LA TALAUDIERE","Prison","RUE DE LA SAUVAGERE 42350 LA TALAUDIERE",42350,"LA TALAUDIERE"
30002110399277,"JUSTICE","MAISON CENTRALE POISSY","Prison","17 RUE DE L ABBAYE 78300 POISSY",78300,"POISSY"
30002110514509,"INTERIEUR","GENDARMERIE MOBILE","Commissariat","QUARTIER MONCEY GM ATELIERS",78000,"VERSAILLES"
30002110515174,"INTERIEUR","C.R.S. Nďż˝1 & Nďż˝61","Caserne","1 AVENUE SADI LECOINTE",78140,"VELIZY VILLACOUBLAY"
30002110518204,"Ministďż˝res ďż˝conomiques et financiers","TRESORERIE GENERALE VERSAILLES","Administration","1 AVENUE DE L EUROPE",78000,"VERSAILLES"
30002110518865,"INTERIEUR","DIRECTION TECHNIQUE DU S.G.A.P","Administration","168 RUE DE VERSAILLES",78150,"LE CHESNAY"
30002110522924,"JUSTICE","TRIBUNAL DE GDE INSTANCE","Tribunal","AVENUE DE L EUROPE PALAIS DE JUSTICE 78000 VERSAILLES",78000,"VERSAILLES"
30002110536531,"JUSTICE","MAISON D'ARRĘT DES YVELINES BOIS D'ARCY","Prison","RUE ALEXANDRE TURPAULT 78390 BOIS D ARCY",78390,"BOIS D ARCY"
30002110583226,"Ministďż˝res ďż˝conomiques et financiers","SCE DOCUMENTATION NALE CADASTR","Service","9 RUE ALEXANDRE DUMAS",78100,"ST GERMAIN EN LAYE"
30002111076090,"INTERIEUR","LEGION GENDARMERIE MOBILE IDF","Commissariat","ROUTE DE FRILEUSE",78650,"BEYNES"
30002114086804,"EDUCATION","RECTORAT VERSAILLES SERV INTEN","Ecole","3 BOULEVARD DE LESSEPS",78000,"VERSAILLES"
30002120623409,"Ministďż˝res ďż˝conomiques et financiers","CENTRE DES FINANCES PUBLIQUES","Administration","AVENUE BERNARD HIRSCH",95000,"CERGY"
30002120713184,"Ministďż˝res ďż˝conomiques et financiers","CENTRE INFORMATIQUE DOUANIER","IT","27 RUE DES BEAUX SOLEILS",95520,"OSNY"
30002121767618,"INTERIEUR","Service","Service","5 AVENUE BERNARD HIRSCH  - CS 105",95010,"CERGY PONTOISE CX"
30002122163859,"INTERIEUR","GENDARMERIE NATIONALE","Commissariat","5 BOULEVARD DE L HAUTIL",95000,"PONTOISE"
30002122309435,"JUSTICE","PALAIS DE JUSTICE","Tribunal","3 RUE VICTOR HUGO 95300 PONTOISE",95300,"PONTOISE"
30002124100788,"Ministďż˝res ďż˝conomiques et financiers","DIRECTION DES SERVICES FISCAUX DES YVELINES","Administration","1 PLACE JEAN MOULIN",78200,"MANTES LA JOLIE"
30002130027724,"EDUCATION","MAISON DES EXAMENS ARCUEIL","Ecole","7 RUE ERNEST RENAN",94110,"ARCUEIL"
30002130233053,"Ministďż˝res ďż˝conomiques et financiers","MINISTERE DES FINANCES","Ministere","AVENUE PIERRE LAROUSSE",92240,"MALAKOFF"
30002130237208,"JUSTICE","CENTRE PENITENTIAIRE DE FRESNES - CENTRE PENI","Prison","ALLEE DES THUYAS 94260 FRESNES",94260,"FRESNES"
30002140343527,"INTERIEUR","CITE ADMINISTRATIVE NANTERRE (CAS 907)","Administration","167 AVENUE JOLIOT CURIE",92000,"NANTERRE"
30002140365010,"JUSTICE","TRIBUNAL DE GRANDE INSTANCE","Tribunal","179 AVE JOLIOT CURIE CABINE DE CHANTIER 92000 NANTERRE",92000,"NANTERRE"
30002140661440,"INTERIEUR","SOUS PREFECTURE DE BOULOGNE BILLANCOURT","Service","11 QUAI ALPHONSE LE GALLO",92100,"BOULOGNE BILLANCOURT"
30002141147778,"JUSTICE","MINISTERE DE LA JUSTICE","Ministere","2 RUE PABLO NERUDA 92000 NANTERRE",92000,"NANTERRE"
30002151835829,"INTERIEUR","MINISTERE DE L'INTERIEUR DDSP95","Administration","19 AVENUE DU MARECHAL FOCH",95100,"ARGENTEUIL"
30002210048198,"INTERIEUR","ECOLE NATIONALE SUP DE LA POLICE","Ecole","46 RUE DESIRE THOISON",77130,"CANNES ECLUSE"
30002210139427,"Ministďż˝res ďż˝conomiques et financiers","ECOLE NALE SERVICE DU TRESOR","Ecole","9 AVENUE PIERRE MENDES FRANCE",77186,"NOISIEL"
30002210153937,"Ministďż˝res ďż˝conomiques et financiers","DISI PARIS CHAMPAGNE-NEMOURS","Administration","22 AVENUE JOHN KENNEDY",77140,"NEMOURS"
30002210163401,"JUSTICE","CENTRE DE DETENTION DE MELUN","Prison","QUAI DE LA COURTILLE 77000 MELUN",77000,"MELUN"
30002210189914,"Ministďż˝res ďż˝conomiques et financiers","CITE ADMINISTRATIVE","Administration","BOULEVARD CHAMBLAIN",77000,"MELUN"
30002210244615,"Ministďż˝res ďż˝conomiques et financiers","DISI PARIS CHAMPAGNE - BUSSY","Administration","15 RUE ALEXANDER GRAHAM BELL",77600,"BUSSY ST GEORGES"
30002210331037,"INTERIEUR","MINISTERE INTERIEUR  - LOGNES","Ministere","27 COURS DES PETITES ECURIES",77185,"LOGNES"
30002210338545,"Ministďż˝res ďż˝conomiques et financiers","MEFI - DPMA - SEM M LA V - CENTRE INFORMATIQUE DES","IT","COURS DU LUZARD",77186,"NOISIEL"
30002211378607,"JUSTICE","MIN JUST - TGI DE MELUN (221-13786)","Tribunal","2 AVENUE DU GENERAL LECLERC 77000 MELUN",77000,"MELUN"
30002211533302,"INTERIEUR","MINISTERE INTERIEUR - LOGNES","Ministere","7 RUE DES CAMPANULES",77185,"LOGNES"
30002211661760,"INTERIEUR","ECOLE DE GENDARMERIE","Ecole","QUARTIER LARIBOISIERE E ET F",77300,"FONTAINEBLEAU"
30002211868850,"INTERIEUR","SERVICE INTERIEUR","Service","RUE LA FONTAINE",77000,"MELUN"
30002212052054,"INTERIEUR","ECOLE OFFICIERS GENDARMERIE","Ecole","RUE DAUMIER",77000,"MELUN"
30002212478066,"INTERIEUR","CENTRE DE RETENTION ADMINISTRATIF","Prison","4 rue de Paris",77990,"LE MESNIL AMELOT"
30002220440508,"JUSTICE","MAISON D'ARRĘT DE FLEURY MEROGIS","Prison","7 AVENUE DES PEUPLIERS 91700 FLEURY MEROGIS",91700,"FLEURY MEROGIS"
30002220440689,"INTERIEUR","PREFECTURE ESSONNE BUREAU MOYE","Service","BOULEVARD DE FRANCE",91000,"EVRY"
30002221530941,"INTERIEUR","POLICE NATIONALE DRT","Administration","CHEMIN DEPARTEMENTAL 40",91470,"BOULLAY LES TROUX"
30002230067227,"Ministďż˝res ďż˝conomiques et financiers","MEFI - DGI - DSF - 94 VAL DE MARNE  (223-00672) CR","Administration","AVENUE COMP LIBER RESIST DEPORT",94000,"CRETEIL"
30002230073962,"INTERIEUR","L G M I F SCE CASERNEMENT","Caserne","4 AVENUE BUSTEAU",94700,"MAISONS ALFORT"
30002230568170,"INTERIEUR","HOTEL DE POLICE","Commissariat","11 RUE OUDRY DP GARNIT",94000,"CRETEIL"
30002230836607,"JUSTICE","MIN JUST - CENTRE DE PRESTATION REGIONAL IDF (223-","Prison","6 B AVENUE DES TUILERIES POSTE MAGISTRAT 91350 GRIGNY",91350,"GRIGNY"
30002231230373,"INTERIEUR","SCES TECH PREFECTURE DE POLICE","Service",,94550,"CHEVILLY LARUE"
30002231315741,"JUSTICE","MIN JUST - TGI DE CRETEIL","Administration","RUE PASTEUR VALERY-RADOT POSTE : JURE 94000 CRETEIL",94000,"CRETEIL"
30002234015193,"Ministďż˝res ďż˝conomiques et financiers","MINEFI MBCPRE","Administration","AVENUE DE VERDUN",94200,"IVRY SUR SEINE"
30002234015205,"Ministďż˝res ďż˝conomiques et financiers","MINEFI MBCPRE","Administration","RUE BARBES",94200,"IVRY SUR SEINE"
30002240240827,"INTERIEUR","GENDARMERIE NATIONALE CAT.1","Commissariat","1 BOULEVARD THEOPHILE SUEUR",93110,"ROSNY SOUS BOIS"
30002240485273,"INTERIEUR","GARDE REPUBLICAINE","Caserne","1 RUE LIBERATION POSTE HONNEUR",94120,"FONTENAY SOUS BOIS"
30002240747288,"INTERIEUR","PREFECTURE DE POLICE","Service","REDOUTE DE JOINVILLE",75012,"PARIS 12"
30002241241182,"Ministďż˝res ďż˝conomiques et financiers","MEFI - DPMA - SEM M LA V - ILE DE FRANCE DCPE- (22","Administration","20 ALLEE GEORGES POMPIDOU",94300,"VINCENNES"
30002241566390,"Ministďż˝res ďż˝conomiques et financiers","MINEFI","Ministere","102 RUE DE LAGNY",93100,"MONTREUIL"
30002241586745,"Ministďż˝res ďż˝conomiques et financiers","DNID","Administration","3 AVENUE DU CHEMIN DE PRESLES",94417,"ST MAURICE"
30002241637598,"INTERIEUR","MINISTERE DE L INTERIEUR - ROSNY","Ministere","1 BOULEVARD THEOPHILE SUEUR",93110,"ROSNY SOUS BOIS"
30002241673167,"Ministďż˝res ďż˝conomiques et financiers","MINEFI","Ministere","10 RUE DU CENTRE",93160,"NOISY LE GRAND"
30002241696438,"Ministďż˝res ďż˝conomiques et financiers","MINEFI","Ministere","10 RUE DU CENTRE",93160,"NOISY LE GRAND"
30002241770806,"Ministďż˝res ďż˝conomiques et financiers","MINEFE MBCPFP","Administration","7 RUE DES 2 COMMUNES",93558,"MONTREUIL"
30002241802210,"Ministďż˝res ďż˝conomiques et financiers","MINEFE DPAEP LE  MONTAIGNE","Administration","2 AVENUE MONTAIGNE",93160,"NOISY LE GRAND"
30002250130488,"JUSTICE","MIN JUST - PALAIS DE JUSTICE DE BOBIGNY (225-01304","Tribunal","AVENUE PAUL VAILLANT COUTURIER 93000 BOBIGNY",93000,"BOBIGNY"
30002250219236,"Ministďż˝res ďż˝conomiques et financiers","TRESORERIE GENERALE DU 93","Administration","100 RUE DE LA PREFECTURE",93000,"BOBIGNY"
30002250838196,"Ministďż˝res ďż˝conomiques et financiers","DIR NAT DES ENQUETES FISCALES","Administration","6 BIS RUE COURTOIS CAMEL",93500,"PANTIN"
30002251069270,"INTERIEUR","MINISTERE DE L INTERIEUR - PANTIN","Ministere","75 RUE DENIS PAPIN",93500,"PANTIN"
30002251681497,"Ministďż˝res ďż˝conomiques et financiers","MEFI - DGI - DGE - PANTIN (225-16814)","Administration","6 RUE COURTOIS",93500,"PANTIN"
30002251811552,"Ministďż˝res ďż˝conomiques et financiers","MEFI - DGI - DVNI - PANTIN (225-18115)","Administration","6 B RUE COURTOIS",93500,"PANTIN"
30002254007118,"JUSTICE","CONSEIL DES PRUDHOMMES","Tribunal","AVENUE PAUL VAILLANT COUTURIER 93000 BOBIGNY",93000,"BOBIGNY"
30002310072720,"INTERIEUR","INTERIEUR SGAP","Administration","4 CHEMIN DE BORDEBLANQUE",31770,"COLOMIERS"
30002310359910,"Ministďż˝res ďż˝conomiques et financiers","I N S E E","Administration",,,"31000TOULOUSE_00"
30002310531940,"Ministďż˝res ďż˝conomiques et financiers","DRFIP 31 - TRESORERIE GENERALE","Administration","49 RUE DU REMPART SAINT ETIENNE",31000,"TOULOUSE"
30002310578720,"Ministďż˝res ďż˝conomiques et financiers","MIN. ECONOMIE FINANCES CITE ADMINISTRATIVE","Administration","BOULEVARD ARMAND DUPORTAL",31000,"TOULOUSE"
30002310654349,"INTERIEUR","HOTEL DE POLICE","Tribunal","23 BOULEVARD DE L EMBOUCHURE",31200,"TOULOUSE"
30002310684156,"Ministďż˝res ďż˝conomiques et financiers","MIN DE L'ECONOMIE ET FINANCES","Ministere","161 CHEMIN DE LESTANG",31100,"TOULOUSE"
30002310878977,"EDUCATION","CHANCELLERIE DES UNIVERSITES SERVICE GESTION EXPLOITATION CAMPUS SCIENTIFIQUE RANGUEIL","Ecole","118 ROUTE DE NARBONNE",31400,"TOULOUSE"
30002311160384,"JUSTICE","REIP - MURET","Administration","ROUTE DE SEYSSES",31600,"MURET"
30002311387278,"JUSTICE","MIN. JUSTICE 31 CITE JUDICIAIRE","Tribunal","ALLEES JULES GUESDE 31000 TOULOUSE",31000,"TOULOUSE"
30002311471650,"JUSTICE","CENTRE DE DETENTION","Prison","ROUTE DE SEYSSES BP 312 31600 MURET",31600,"MURET"
30002311658060,"JUSTICE","CENTRE DE DETENTION","Prison","ROUTE DE SEYSSES BP 312 31600 MURET",31600,"MURET"
30002311860907,"Ministďż˝res ďż˝conomiques et financiers","DIRECTION DES SERVICES FISCAUX","Administration","RUE DE L ESQUILE",31000,"TOULOUSE"
30002420249364,"JUSTICE","SERVICES PENITENCIERS LARO - PERPIGNAN","Prison","CHEMIN DE MAILLOLES 66000 PERPIGNAN",66000,"PERPIGNAN"
30002430229689,"Ministďż˝res ďż˝conomiques et financiers","TRESORERIE GENERALE","Administration","ALLEE HENRI II DE MONTMORENCY",34000,"MONTPELLIER"
30002430460760,"INTERIEUR","PREFECTURE DE L'HERAULT","Service","PLACE MARTYRS DE LA RESISTANCE",34000,"MONTPELLIER"
30002430739747,"JUSTICE","NOUVEAU PALAIS DE JUSTICE","Tribunal","PLACE PIERRE FLOTTE 34000 MONTPELLIER",34000,"MONTPELLIER"
30002430961603,"Ministďż˝res ďż˝conomiques et financiers","DIRECTION DES IMPOTS 34 - MONTPELLIER TRIPODE","Administration","156 RUE ALFRED NOBEL",34000,"MONTPELLIER"
30002431242205,"INTERIEUR","HOTEL DE POLICE DE MONTPELLIER","Commissariat","206 RUE DU COMTE DE MELGUEIL",34000,"MONTPELLIER"
30002450716826,"INTERIEUR","ECOLE NATIONALE DE POLICE","Ecole","AVENUE CLEMENT ADER",30937,"NIMES"
30002450992771,"INTERIEUR","HOTEL DE POLICE","Commissariat","AVENUE PIERRE GAMEL",30000,"NIMES"
30002510199950,"Ministďż˝res ďż˝conomiques et financiers","DIRECTION DES IMPOTS PACA - MARSEILLE DIRECTION RE","Administration","BOULEVARD ROMAIN ROLLAND CENTRE INFO",13010,"MARSEILLE 10"
30002510200234,"Ministďż˝res ďż˝conomiques et financiers","H.D.I SAINTE ANNE","Administration","38 BOULEVARD BAPTISTE BONNET",13008,"MARSEILLE"
30002510207529,"Ministďż˝res ďż˝conomiques et financiers","MINISTERE DE L ECONOMIE BUDGET","Ministere",,13008,"MARSEILLE 08"
30002510214616,"INTERIEUR","MINIST INTERIEUR-SGAP","Ministere","2 BOULEVARD ANATOLE DE LA FORGE",13014,"MARSEILLE 14"
30002510247998,"INTERIEUR","MINIST INTERIEUR HOTEL POLICE","Ministere","RUE DU COMMISSAIRE",13003,"MARSEILLE 03"
30002510262649,"JUSTICE","CENTRE PENITENTIAIRE DE MARSEILLE","Prison","CHEMIN DE MORGIOU 13009 MARSEILLE",13009,"MARSEILLE"
30002510264115,"INTERIEUR","MINIST INTERIEUR-SGAP","Administration","299 CHEMIN DE SAINTE MARTHE",13014,"MARSEILLE 14"
30002510266029,"JUSTICE","MINIST JUSTICE","Ministere","6 RUE JOSEPH AUTRAN TRIBUNAL GRANDE INSTANCE 13281 MARSEILLE CEDEX 06",13281,"MARSEILLE CEDEX 06"
30002510423197,"Ministďż˝res ďż˝conomiques et financiers","D I T G","Administration","46 RUE LIANDIER",13008,"MARSEILLE"
30002510883398,"INTERIEUR","COMMISSARIAT DE DIVISION NORD","Commissariat","RUE ODETTE JASSE",13015,"MARSEILLE 15"
30002510907704,"INTERIEUR","PREFECTURE BDR SCE BATIM DEPAR","Service","BOULEVARD PAUL PEYTRAL",13006,"MARSEILLE 06"
30002511086807,"INTERIEUR","COMMISSARIAT DE NOAILLES","Commissariat","BOULEVARD GARIBALDI",13001,"MARSEILLE 01"
30002511110574,"INTERIEUR","DZPAF/CRA DU CANET","Administration","BOULEVARD DES PEINTURES",13014,"MARSEILLE 14"
30002514092580,"Ministďż˝res ďż˝conomiques et financiers","CENTRE DES FINANCES PUBLIQUES","Administration","11 RUE MERY",13002,"MARSEILLE 02"
30002521003377,"JUSTICE","PALAIS MONTCLAR","Tribunal","1 RUE PEYRESC 13100 AIX EN PROVENCE",13100,"AIX EN PROVENCE"
30002521899494,"INTERIEUR","ENSOSP","Ecole","1070 RUE DU LIEUTENANT PARAYRE",13798,"AIX EN PROVENCE"
30002524096202,"JUSTICE","ANNEXE DU TRIBUNAL DE GRANDE INSTANCE D AIX EN PROVENCE","Tribunal","IMPASSE DES FRERES PRATESI 13090 AIX EN PROVENCE",13090,"AIX EN PROVENCE"
30002530038891,"INTERIEUR","PREFECTURE DU VAR","Service","AVENUE 112E REGIMENT D INFANTERIE",83000,"TOULON"
30002530120483,"INTERIEUR","UNITE D'INSTRUCTION ET D'INTERVENTION SECURITE CIVILE Nďż˝7","Caserne","QUARTIER DE RAMATUELLE",83170,"BRIGNOLES"
30002531902351,"Ministďż˝res ďż˝conomiques et financiers","CITE ADMINISTRATIVE 0000","Administration","13 RUE DE LORGUES",83000,"TOULON"
30002540351442,"JUSTICE","MAISSONR D'ARRET DE NICE","Prison","12 RUE DE LA GENDARMERIE 06000 NICE",6000,"NICE"
30002540372035,"Ministďż˝res ďż˝conomiques et financiers","TRESORERIE GENERALE DES A M","Administration","15 B RUE DELILLE",6000,"NICE"
30002540923270,"Ministďż˝res ďż˝conomiques et financiers","HOTEL DES FINANCES","Administration","35 AVENUE THIERS",6000,"NICE"
30002541519628,"INTERIEUR","COMMISSARIAT NICE OUEST","Commissariat","BOULEVARD DU SOUVENIR FRANCAIS",6200,"NICE"
30002580159329,"Ministďż˝res ďż˝conomiques et financiers","DIRECTION DES IMPOTS PACA - AVIGNON* DIR SVCES FIS","Administration","COURS JEAN JAURES",84000,"AVIGNON"
30002581098026,"JUSTICE","PALAIS DE JUSTICE D AVIGNON","Tribunal","2 BOULEVARD LIMBERT 84078 AVIGNON CEDEX 9",84078,"AVIGNON CEDEX 9"
30002581407955,"INTERIEUR","PREFECTURE DE VAUCLUSE","Service","28 BOULEVARD LIMBERT",84905,"AVIGNON"
30002584096586,"INTERIEUR","SGAP HOTEL DE POLICE AVIGNON","Administration","BOULEVARD SAINT ROCH",84000,"AVIGNON"
30002590707766,"JUSTICE","PALAIS DE JUSTICE DE GRASSE","Tribunal","37 AVENUE PIERRE SEMARD 06130 GRASSE",6130,"GRASSE"
50006222821473,"INTERIEUR","GENDARMERIE NATIONALE","Commissariat","BOULEVARD DES MONTS D OR",69580,"SATHONAY CAMP"
50027785809597,"INTERIEUR","GENDARMERIE NATIONALE","Commissariat","RUE CLAUDE BERNARD",92130,"ISSY LES MOULINEAUX"
50059334290607,"EDUCATION","RECTORAT ACADEMIE DE DIJON","Ecole","RUE DU GENERAL DELABORDE",21000,"DIJON"
50066136026009,"JUSTICE","CITE JUDICIAIRE","Administration","QUARTIER KILMAINE 13150 TARASCON",13150,"TARASCON"
50072937726346,"INTERIEUR","DDSP 63 - HOTEL DE POLICE","Commissariat","106 AVENUE DE LA REPUBLIQUE",63018,"CLERMONT FERRAND"
50074384904850,"INTERIEUR","GENDARMERIE NATIONALE","Commissariat","ALLEE PAUL DELORME",69580,"SATHONAY CAMP"
50081041923418,"INTERIEUR","HOTEL DE POLICE DE BEAUVAIS","Commissariat","135 RUE DES DEPORTES",60000,"BEAUVAIS"
